problem_id,perturbation_type,H_base,H_perturbed,delta_H,correct
1,whitespace,7.568960189819336,7.782843112945557,0.2138829231262207,False
1,markdown,7.568960189819336,6.474344253540039,-1.0946159362792969,False
1,json,7.568960189819336,5.133623123168945,-2.4353370666503906,False
2,whitespace,6.883487224578857,6.246078014373779,-0.6374092102050781,False
2,markdown,6.883487224578857,5.0435991287231445,-1.839888095855713,False
2,json,6.883487224578857,5.162949085235596,-1.7205381393432617,False
3,whitespace,7.342383861541748,4.619259834289551,-2.7231240272521973,False
3,markdown,7.342383861541748,3.710986614227295,-3.631397247314453,False
3,json,7.342383861541748,4.977052688598633,-2.3653311729431152,False
4,whitespace,6.191675662994385,6.495477676391602,0.3038020133972168,False
4,markdown,6.191675662994385,5.767500877380371,-0.42417478561401367,False
4,json,6.191675662994385,4.503206253051758,-1.688469409942627,False
5,whitespace,7.285977363586426,7.240440368652344,-0.04553699493408203,False
5,markdown,7.285977363586426,4.02987003326416,-3.2561073303222656,False
5,json,7.285977363586426,5.1400861740112305,-2.1458911895751953,False
